Security,Sector,Sub-Sector,City/State,Year,Submission,Score
Security,Industry,Sub-Industry,State,2023,Submitted,C
3M,Industrials,Industrial Conglomerates,"Saint Paul, Minnesota",2023,Submitted,B-
Abbott Laboratories,Health Care,Health Care Equipment,"North Chicago, Illinois",2023,Submitted,B
AbbVie,Health Care,Biotechnology,"North Chicago, Illinois",2023,Submitted,B
Adobe,Information Technology,Application Software,"San Jose, California",2023,Submitted,A-
Advanced Micro Devices,Information Technology,Semiconductors,"Santa Clara, California",2023,Submitted,B
AES Corporation,Utilities,Independent Power Producers & Energy Traders,"Arlington, Virginia",2023,Submitted,A-
Aflac,Financials,Life & Health Insurance,"Columbus, Georgia",2023,Submitted,B
Agilent Technologies,Health Care,Life Sciences Tools & Services,"Santa Clara, California",2023,Submitted,B
Air Products,Materials,Industrial Gases,"Upper Macungie Township, Pennsylvania",2023,Submitted,A-
Airbnb,Consumer Discretionary,"Hotels, Resorts & Cruise Lines","San Francisco, California",2023,Submitted,B
Akamai Technologies,Information Technology,Internet Services & Infrastructure,"Cambridge, Massachusetts",2023,Submitted,A-
Albemarle Corporation,Materials,Specialty Chemicals,"Charlotte, North Carolina",2023,Submitted,B-
Alexandria Real Estate Equities,Real Estate,Office REITs,"Pasadena, California",2023,Submitted,B
Align Technology,Health Care,Health Care Supplies,"Tempe, Arizona",2023,No Response,F
Alliant Energy,Utilities,Electric Utilities,"Madison, Wisconsin",2023,Submitted,Not Scored
Allstate,Financials,Property & Casualty Insurance,"Northbrook, Illinois",2023,Submitted,Not Available
Alphabet,Communication Services,Interactive Media & Services,"Mountain View, California",2023,Submitted,A
Altria,Consumer Staples,Tobacco,"Richmond, Virginia",2023,Submitted,A-
Amazon,Consumer Discretionary,Broadline Retail,"Seattle, Washington",2023,Submitted,B
Ameren,Utilities,Multi-Utilities,"St. Louis, Missouri",2023,Submitted,B
American Electric Power,Utilities,Electric Utilities,"Columbus, Ohio",2023,Submitted,Not Scored
American Express,Financials,Consumer Finance,"New York City, New York",2023,Submitted,B
American International Group,Financials,Multi-line Insurance,"New York City, New York",2023,Submitted,C
American Tower,Real Estate,Telecom Tower REITs,"Boston, Massachusetts",2023,Submitted,B
American Water Works,Utilities,Water Utilities,"Camden, New Jersey",2023,Submitted,B
Ameriprise Financial,Financials,Asset Management & Custody Banks,"Minneapolis, Minnesota",2023,Submitted,C
Ametek,Industrials,Electrical Components & Equipment,"Berwyn, Pennsylvania",2023,Submitted,Not Scored
Amgen,Health Care,Biotechnology,"Thousand Oaks, California",2023,Submitted,B
Amphenol,Information Technology,Electronic Components,"Wallingford, Connecticut",2023,Submitted,B-
Analog Devices,Information Technology,Semiconductors,"Wilmington, Massachusetts",2023,Submitted,C
Ansys,Information Technology,Application Software,"Canonsburg, Pennsylvania",2023,Submitted,B
Aon,Financials,Insurance Brokers,"London, UK",2023,No Response,F
Apple,Information Technology,"Technology Hardware, Storage & Peripherals","Cupertino, California",2023,No Response,F
Applied Materials,Information Technology,Semiconductor Materials & Equipment,"Santa Clara, California",2023,Submitted,A-
Aptiv,Consumer Discretionary,Automotive Parts & Equipment,"Dublin, Ireland",2023,No Response,F
Archer Daniels Midland,Consumer Staples,Agricultural Products & Services,"Chicago, Illinois",2023,Submitted,B
Arista Networks,Information Technology,Communications Equipment,"Santa Clara, California",2023,Submitted,C
Arthur J. Gallagher & Co.,Financials,Insurance Brokers,"Rolling Meadows, Illinois",2023,Submitted,Not Available
Assurant,Financials,Multi-line Insurance,"Atlanta, Georgia",2023,Submitted,B
AT&T,Communication Services,Integrated Telecommunication Services,"Dallas, Texas",2023,Submitted,A
Atmos Energy,Utilities,Gas Utilities,"Dallas, Texas",2023,No Response,F
Autodesk,Information Technology,Application Software,"San Francisco, California",2023,Submitted,A-
Automatic Data Processing,Industrials,Human Resource & Employment Services,"Roseland, New Jersey",2023,Submitted,B
AutoZone,Consumer Discretionary,Automotive Retail,"Memphis, Tennessee",2023,Submitted,C
AvalonBay Communities,Real Estate,Multi-Family Residential REITs,"Arlington, Virginia",2023,Submitted,A-
Avery Dennison,Materials,Paper & Plastic Packaging Products & Materials,"Mentor, Ohio",2023,Submitted,B
Axon Enterprise,Industrials,Aerospace & Defense,"Scottsdale, Arizona",2023,No Response,F
Baker Hughes,Energy,Oil & Gas Equipment & Services,"Houston, Texas",2023,Submitted,C
Ball Corporation,Materials,"Metal, Glass & Plastic Containers","Broomfield, Colorado",2023,Submitted,A-
Bank of America,Financials,Diversified Banks,"Charlotte, North Carolina",2023,Submitted,Not Scored
Baxter International,Health Care,Health Care Equipment,"Deerfield, Illinois",2023,Submitted,B
Becton Dickinson,Health Care,Health Care Equipment,"Franklin Lakes, New Jersey",2023,Submitted,B
Berkshire Hathaway,Financials,Multi-Sector Holdings,"Omaha, Nebraska",2023,No Response,F
Best Buy,Consumer Discretionary,Computer & Electronics Retail,"Richfield, Minnesota",2023,Submitted,A
Bio-Techne,Health Care,Life Sciences Tools & Services,"Minneapolis, Minnesota",2023,No Response,F
Biogen,Health Care,Biotechnology,"Cambridge, Massachusetts",2023,Submitted,B
BlackRock,Financials,Asset Management & Custody Banks,"New York City, New York",2023,Submitted,Not Scored
Blackstone,Financials,Asset Management & Custody Banks,"New York City, New York",2023,Submitted,Not Scored
BNY Mellon,Financials,Asset Management & Custody Banks,"New York City, New York",2023,Submitted,Not Scored
Boeing,Industrials,Aerospace & Defense,"Arlington, Virginia",2023,Submitted,B
Booking Holdings,Consumer Discretionary,"Hotels, Resorts & Cruise Lines","Norwalk, Connecticut",2023,Submitted,C
BorgWarner,Consumer Discretionary,Automotive Parts & Equipment,"Auburn Hills, Michigan",2023,Submitted,B
Boston Scientific,Health Care,Health Care Equipment,"Marlborough, Massachusetts",2023,Submitted,B
Bristol Myers Squibb,Health Care,Pharmaceuticals,"New York City, New York",2023,Submitted,B
Broadcom,Information Technology,Semiconductors,"Palo Alto, California",2023,Submitted,C
Broadridge Financial Solutions,Industrials,Data Processing & Outsourced Services,"Lake Success, New York",2023,Submitted,B
Brown & Brown,Financials,Insurance Brokers,"Daytona Beach, Florida",2023,No Response,F
Builders FirstSource,Industrials,Building Products,"Irving, Texas",2023,No Response,F
C.H. Robinson,Industrials,Air Freight & Logistics,"Eden Prairie, Minnesota",2023,Submitted,B
Cadence Design Systems,Information Technology,Application Software,"San Jose, California",2023,Submitted,B
Caesars Entertainment,Consumer Discretionary,Casinos & Gaming,"Reno, Nevada",2023,Submitted,B
Camden Property Trust,Real Estate,Multi-Family Residential REITs,"Houston, Texas",2023,Submitted,C
Campbell Soup Company,Consumer Staples,Packaged Foods & Meats,"Camden, New Jersey",2023,Submitted,C
Capital One,Financials,Consumer Finance,"Tysons Corner, Virginia",2023,Submitted,Not Scored
Cardinal Health,Health Care,Health Care Distributors,"Dublin, Ohio",2023,Submitted,B
CarMax,Consumer Discretionary,Automotive Retail,"Richmond, Virginia",2023,No Response,F
Carnival,Consumer Discretionary,"Hotels, Resorts & Cruise Lines","Miami, Florida",2023,Submitted,C
Carrier Global,Industrials,Building Products,"Palm Beach Gardens, Florida",2023,Submitted,B
Catalent,Health Care,Pharmaceuticals,"Somerset, New Jersey",2023,Submitted,B
Caterpillar,Industrials,Construction Machinery & Heavy Transportation Equipment,"Irving, Texas",2023,No Response,F
Cboe Global Markets,Financials,Financial Exchanges & Data,"Chicago, Illinois",2023,Submitted,Not Scored
CBRE Group,Real Estate,Real Estate Services,"Dallas, Texas",2023,Submitted,A-
CDW,Information Technology,Technology Distributors,"Vernon Hills, Illinois",2023,Submitted,C
Celanese,Materials,Specialty Chemicals,"Irving, Texas",2023,Submitted,B
Centene Corporation,Health Care,Managed Health Care,"St. Louis, Missouri",2023,Submitted,C
CenterPoint Energy,Utilities,Multi-Utilities,"Houston, Texas",2023,No Response,F
CF Industries,Materials,Fertilizers & Agricultural Chemicals,"Deerfield, Illinois",2023,No Response,F
Charles River Laboratories,Health Care,Life Sciences Tools & Services,"Wilmington, Massachusetts",2023,Submitted,A-
Charles Schwab Corporation,Financials,Investment Banking & Brokerage,"Westlake, Texas",2023,Submitted,C-
Charter Communications,Communication Services,Cable & Satellite,"Stamford, Connecticut",2023,No Response,F
Chevron Corporation,Energy,Integrated Oil & Gas,"San Ramon, California",2023,No Response,F
Chipotle Mexican Grill,Consumer Discretionary,Restaurants,"Newport Beach, California",2023,Submitted,B
Chubb Limited,Financials,Property & Casualty Insurance,"Zurich, Switzerland",2023,Submitted,B
Church & Dwight,Consumer Staples,Household Products,"Ewing, New Jersey",2023,Submitted,A-
Cigna,Health Care,Health Care Services,"Bloomfield, Connecticut",2023,Submitted,B
Cincinnati Financial,Financials,Property & Casualty Insurance,"Fairfield, Ohio",2023,No Response,F
Cintas,Industrials,Diversified Support Services,"Mason, Ohio",2023,No Response,F
Cisco,Information Technology,Communications Equipment,"San Jose, California",2023,See Another,A
Citigroup,Financials,Diversified Banks,"New York City, New York",2023,Submitted,Not Scored
Citizens Financial Group,Financials,Regional Banks,"Providence, Rhode Island",2023,See Another,Not Scored
Clorox,Consumer Staples,Household Products,"Oakland, California",2023,Submitted,A-
CME Group,Financials,Financial Exchanges & Data,"Chicago, Illinois",2023,Declined to participate,F
CMS Energy,Utilities,Multi-Utilities,"Jackson, Michigan",2023,Submitted,Not Scored
Coca-Cola Company,Consumer Staples,Soft Drinks & Non-alcoholic Beverages,"Atlanta, Georgia",2023,Submitted,A-
Cognizant,Information Technology,IT Consulting & Other Services,"Teaneck, New Jersey",2023,Submitted,D
Colgate-Palmolive,Consumer Staples,Household Products,"New York City, New York",2023,Submitted,A-
Comcast,Communication Services,Cable & Satellite,"Philadelphia, Pennsylvania",2023,Submitted,B
Conagra Brands,Consumer Staples,Packaged Foods & Meats,"Chicago, Illinois",2023,Submitted,Not Scored
ConocoPhillips,Energy,Oil & Gas Exploration & Production,"Houston, Texas",2023,See Another,C
Consolidated Edison,Utilities,Multi-Utilities,"New York City, New York",2023,Submitted,Not Scored
Constellation Brands,Consumer Staples,Distillers & Vintners,"Rochester, New York",2023,Submitted,B
Constellation Energy,Utilities,Electric Utilities,"Baltimore, Maryland",2023,Submitted,B
Cooper Companies,Health Care,Health Care Supplies,"San Ramon, California",2023,Submitted,C
Copart,Industrials,Diversified Support Services,"Dallas, Texas",2023,No Response,F
Corning,Information Technology,Electronic Components,"Corning, New York",2023,Submitted,B
Corteva,Materials,Fertilizers & Agricultural Chemicals,"Indianapolis, Indiana",2023,Submitted,C
CoStar Group,Real Estate,Real Estate Services,"Washington, D.C.",2023,Submitted,Not Available
Costco,Consumer Staples,Consumer Staples Merchandise Retail,"Issaquah, Washington",2023,Submitted,C
Coterra,Energy,Oil & Gas Exploration & Production,"Houston, Texas",2023,No Response,F
CrowdStrike,Information Technology,Systems Software,"Austin, Texas",2023,No Response,F
Crown Castle,Real Estate,Telecom Tower REITs,"Houston, Texas",2023,Submitted,D
CSX Corporation,Industrials,Rail Transportation,"Jacksonville, Florida",2023,Submitted,B
Cummins,Industrials,Construction Machinery & Heavy Transportation Equipment,"Columbus, Indiana",2023,Submitted,B
CVS Health,Health Care,Health Care Services,"Woonsocket, Rhode Island",2023,Submitted,A-
Danaher Corporation,Health Care,Life Sciences Tools & Services,"Washington, D.C.",2023,See Another,B-
Darden Restaurants,Consumer Discretionary,Restaurants,"Orlando, Florida",2023,No Response,F
DaVita,Health Care,Health Care Services,"Denver, Colorado",2023,Submitted,A-
Deere & Company,Industrials,Agricultural & Farm Machinery,"Moline, Illinois",2023,Submitted,C
Dell Technologies,Information Technology,"Technology Hardware, Storage & Peripherals","Round Rock, Texas",2023,Submitted,A-
Delta Air Lines,Industrials,Passenger Airlines,"Atlanta, Georgia",2023,Submitted,B
Devon Energy,Energy,Oil & Gas Exploration & Production,"Oklahoma City, Oklahoma",2023,Submitted,B
Dexcom,Health Care,Health Care Equipment,"San Diego, California",2023,Submitted,D
Diamondback Energy,Energy,Oil & Gas Exploration & Production,"Midland, Texas",2023,Submitted,C
Digital Realty,Real Estate,Data Center REITs,"Austin, Texas",2023,Submitted,B
Discover Financial,Financials,Consumer Finance,"Riverwoods, Illinois",2023,Submitted,Not Scored
Dollar General,Consumer Staples,Consumer Staples Merchandise Retail,"Goodlettsville, Tennessee",2023,No Response,F
Dollar Tree,Consumer Staples,Consumer Staples Merchandise Retail,"Chesapeake, Virginia",2023,Submitted,C
Dominion Energy,Utilities,Multi-Utilities,"Richmond, Virginia",2023,Submitted,A-
Domino's,Consumer Discretionary,Restaurants,"Ann Arbor, Michigan",2023,No Response,F
Dover Corporation,Industrials,Industrial Machinery & Supplies & Components,"Downers Grove, Illinois",2023,Submitted,C
Dow,Materials,Commodity Chemicals,"Midland, Michigan",2023,No Response,F
DTE Energy,Utilities,Multi-Utilities,"Detroit, Michigan",2023,Submitted,Not Scored
Duke Energy,Utilities,Electric Utilities,"Charlotte, North Carolina",2023,Submitted,Not Scored
DuPont,Materials,Specialty Chemicals,"Wilmington, Delaware",2023,Submitted,A-
Eastman Chemical Company,Materials,Specialty Chemicals,"Kingsport, Tennessee",2023,Submitted,B
Eaton Corporation,Industrials,Electrical Components & Equipment,"Dublin, Ireland",2023,Submitted,A-
eBay,Consumer Discretionary,Broadline Retail,"San Jose, California",2023,Submitted,A-
Ecolab,Materials,Specialty Chemicals,"Saint Paul, Minnesota",2023,Submitted,A
Edison International,Utilities,Electric Utilities,"Rosemead, California",2023,No Response,F
Edwards Lifesciences,Health Care,Health Care Equipment,"Irvine, California",2023,Submitted,B
Electronic Arts,Communication Services,Interactive Home Entertainment,"Redwood City, California",2023,Submitted,Not Scored
Elevance Health,Health Care,Managed Health Care,"Indianapolis, Indiana",2023,Submitted,B
Emerson Electric,Industrials,Electrical Components & Equipment,"Ferguson, Missouri",2023,Submitted,A-
Enphase Energy,Information Technology,Semiconductor Materials & Equipment,"Fremont, California",2023,Submitted,Not Scored
Entergy,Utilities,Electric Utilities,"New Orleans, Louisiana",2023,Submitted,B
EOG Resources,Energy,Oil & Gas Exploration & Production,"Houston, Texas",2023,Submitted,Not Scored
EQT Corporation,Energy,Oil & Gas Exploration & Production,"Pittsburgh, Pennsylvania",2023,Submitted,B
Equifax,Industrials,Research & Consulting Services,"Atlanta, Georgia",2023,Submitted,Not Scored
Equinix,Real Estate,Data Center REITs,"Redwood City, California",2023,Submitted,A
Equity Residential,Real Estate,Multi-Family Residential REITs,"Chicago, Illinois",2023,Submitted,A-
Erie Indemnity,Financials,Insurance Brokers,"Erie, Pennsylvania",2023,No Response,F
Essex Property Trust,Real Estate,Multi-Family Residential REITs,"San Mateo, California",2023,Submitted,B
Evergy,Utilities,Electric Utilities,"Kansas City, Missouri",2023,Submitted,Not Scored
Eversource Energy,Utilities,Electric Utilities,"Hartford, Connecticut",2023,Submitted,B
Exelon,Utilities,Electric Utilities,"Chicago, Illinois",2023,Submitted,B
Expedia Group,Consumer Discretionary,"Hotels, Resorts & Cruise Lines","Seattle, Washington",2023,Submitted,D
Expeditors International,Industrials,Air Freight & Logistics,"Seattle, Washington",2023,Submitted,C
Extra Space Storage,Real Estate,Self-Storage REITs,"Salt Lake City, Utah",2023,Submitted,C
ExxonMobil,Energy,Integrated Oil & Gas,"Irving, Texas",2023,No Response,F
"F5,",Information Technology,Communications Equipment,"Seattle, Washington",2023,Submitted,B
FactSet,Financials,Financial Exchanges & Data,"Norwalk, Connecticut",2023,Submitted,C
Fair Isaac,Information Technology,Application Software,"Bozeman, Montana",2023,Submitted,D
Fastenal,Industrials,Trading Companies & Distributors,"Winona, Minnesota",2023,Submitted,C
Federal Realty Investment Trust,Real Estate,Retail REITs,"Rockville, Maryland",2023,Submitted,B
FedEx,Industrials,Air Freight & Logistics,"Memphis, Tennessee",2023,Submitted,C
Fidelity National Information Services,Financials,Transaction & Payment Processing Services,"Jacksonville, Florida",2023,Submitted,C
Fifth Third Bancorp,Financials,Regional Banks,"Cincinnati, Ohio",2023,Submitted,Not Scored
First Solar,Information Technology,Semiconductors,"Tempe, Arizona",2023,Submitted,A-
FirstEnergy,Utilities,Electric Utilities,"Akron, Ohio",2023,Submitted,Not Scored
Fiserv,Financials,Transaction & Payment Processing Services,"Brookfield, Wisconsin",2023,See Another,C
FMC Corporation,Materials,Fertilizers & Agricultural Chemicals,"Philadelphia, Pennsylvania",2023,Submitted,A-
Ford Motor Company,Consumer Discretionary,Automobile Manufacturers,"Dearborn, Michigan",2023,Submitted,A
Fortinet,Information Technology,Systems Software,"Sunnyvale, California",2023,Submitted,B-
Fortive,Industrials,Industrial Machinery & Supplies & Components,"Everett, Washington",2023,Submitted,B
Fox Corporation,Communication Services,Broadcasting,"New York City, New York",2023,Submitted,B
Franklin Resources,Financials,Asset Management & Custody Banks,"San Mateo, California",2023,Submitted,B
Freeport-McMoRan,Materials,Copper,"Phoenix, Arizona",2023,Submitted,B
Gartner,Information Technology,IT Consulting & Other Services,"Stamford, Connecticut",2023,Submitted,C
GE Aerospace,Industrials,Aerospace & Defense,"Evendale, Ohio",2023,Submitted,C
GE HealthCare,Health Care,Health Care Equipment,"Chicago, Illinois",2023,No Response,F
Generac,Industrials,Electrical Components & Equipment,"Waukesha, Wisconsin",2023,Submitted,D
General Dynamics,Industrials,Aerospace & Defense,"Falls Church, Virginia",2023,Submitted,B
General Mills,Consumer Staples,Packaged Foods & Meats,"Golden Valley, Minnesota",2023,Submitted,A-
General Motors,Consumer Discretionary,Automobile Manufacturers,"Detroit, Michigan",2023,Submitted,A-
Genuine Parts Company,Consumer Discretionary,Distributors,"Atlanta, Georgia",2023,No Response,F
Gilead Sciences,Health Care,Biotechnology,"Foster City, California",2023,Submitted,A-
Global Payments,Financials,Transaction & Payment Processing Services,"Atlanta, Georgia",2023,Submitted,C
Globe Life,Financials,Life & Health Insurance,"McKinney, Texas",2023,No Response,F
GoDaddy,Information Technology,Internet Services & Infrastructure,"Tempe, Arizona",2023,No Response,F
Goldman Sachs,Financials,Investment Banking & Brokerage,"New York City, New York",2023,Submitted,Not Scored
Halliburton,Energy,Oil & Gas Equipment & Services,"Houston, Texas",2023,Submitted,C
Hartford,Financials,Property & Casualty Insurance,"Hartford, Connecticut",2023,Submitted,C
Hasbro,Consumer Discretionary,Leisure Products,"Pawtucket, Rhode Island",2023,Submitted,B
Healthpeak Properties,Real Estate,Health Care REITs,"Denver, Colorado",2023,Submitted,A-
Henry Schein,Health Care,Health Care Distributors,"Melville, New York",2023,Submitted,C
Hershey Company,Consumer Staples,Packaged Foods & Meats,"Hershey, Pennsylvania",2023,Submitted,B
Hess Corporation,Energy,Integrated Oil & Gas,"New York City, New York",2023,Submitted,A-
Hewlett Packard Enterprise,Information Technology,"Technology Hardware, Storage & Peripherals","Houston, Texas",2023,Submitted,A-
Hilton Worldwide,Consumer Discretionary,"Hotels, Resorts & Cruise Lines","Tysons Corner, Virginia",2023,Submitted,Not Scored
Hologic,Health Care,Health Care Equipment,"Marlborough, Massachusetts",2023,Submitted,C
Home Depot,Consumer Discretionary,Home Improvement Retail,"Atlanta, Georgia",2023,Submitted,A-
Honeywell,Industrials,Industrial Conglomerates,"Charlotte, North Carolina",2023,Submitted,B
Hormel Foods,Consumer Staples,Packaged Foods & Meats,"Austin, Minnesota",2023,Submitted,B
Host Hotels & Resorts,Real Estate,Hotel & Resort REITs,"Bethesda, Maryland",2023,Submitted,A-
Howmet Aerospace,Industrials,Aerospace & Defense,"Pittsburgh, Pennsylvania",2023,Submitted,B
HP,Information Technology,"Technology Hardware, Storage & Peripherals","Palo Alto, California",2023,Submitted,C
Hubbell Incorporated,Industrials,Industrial Machinery & Supplies & Components,"Shelton, Connecticut",2023,Submitted,C
Humana,Health Care,Managed Health Care,"Louisville, Kentucky",2023,Submitted,B-
Huntington Bancshares,Financials,Regional Banks,"Columbus, Ohio; Detroit, Michigan",2023,Submitted,B
Huntington Ingalls Industries,Industrials,Aerospace & Defense,"Newport News, Virginia",2023,Submitted,D
IBM,Information Technology,IT Consulting & Other Services,"Armonk, New York",2023,Submitted,B
IDEX Corporation,Industrials,Industrial Machinery & Supplies & Components,"Lake Forest, Illinois",2023,No Response,F
Idexx Laboratories,Health Care,Health Care Equipment,"Westbrook, Maine",2023,No Response,F
Illinois Tool Works,Industrials,Industrial Machinery & Supplies & Components,"Glenview, Illinois",2023,Submitted,B-
Incyte,Health Care,Biotechnology,"Wilmington, Delaware",2023,Submitted,Not Scored
Ingersoll Rand,Industrials,Industrial Machinery & Supplies & Components,"Davidson, North Carolina",2023,Submitted,A
Intel,Information Technology,Semiconductors,"Santa Clara, California",2023,No Response,F
Intercontinental Exchange,Financials,Financial Exchanges & Data,"Atlanta, Georgia",2023,Submitted,Not Scored
International Flavors & Fragrances,Materials,Specialty Chemicals,"New York City, New York",2023,Submitted,A-
International Paper,Materials,Paper & Plastic Packaging Products & Materials,"Memphis, Tennessee",2023,Submitted,B
Interpublic Group of Companies,Communication Services,Advertising,"New York City, New York",2023,Submitted,B
Intuit,Information Technology,Application Software,"Mountain View, California",2023,Submitted,B
Intuitive Surgical,Health Care,Health Care Equipment,"Sunnyvale, California",2023,Submitted,C
Invesco,Financials,Asset Management & Custody Banks,"Atlanta, Georgia",2023,Submitted,B
Invitation Homes,Real Estate,Single-Family Residential REITs,"Dallas, Texas",2023,No Response,F
IQVIA,Health Care,Life Sciences Tools & Services,"Durham, North Carolina",2023,Submitted,B
Iron Mountain,Real Estate,Other Specialized REITs,"Boston, Massachusetts",2023,Submitted,B
J.B. Hunt,Industrials,Cargo Ground Transportation,"Lowell, Arkansas",2023,Submitted,B
Jabil,Information Technology,Electronic Manufacturing Services,"St. Petersburg, Florida",2023,Submitted,C
Jack Henry & Associates,Financials,Transaction & Payment Processing Services,"Monett, Missouri",2023,No Response,F
Jacobs Solutions,Industrials,Construction & Engineering,"Dallas, Texas",2023,Submitted,A-
Johnson & Johnson,Health Care,Pharmaceuticals,"New Brunswick, New Jersey",2023,See Another,A-
Johnson Controls,Industrials,Building Products,"Cork, Ireland",2023,Submitted,A
JPMorgan Chase,Financials,Diversified Banks,"New York City, New York",2023,Submitted,Not Scored
Juniper Networks,Information Technology,Communications Equipment,"Sunnyvale, California",2023,Submitted,A-
Kellanova,Consumer Staples,Packaged Foods & Meats,"Chicago, Illinois",2023,Submitted,B
Keurig Dr Pepper,Consumer Staples,Soft Drinks & Non-alcoholic Beverages,"Burlington, Massachusetts",2023,Submitted,A-
KeyCorp,Financials,Regional Banks,"Cleveland, Ohio",2023,Submitted,Not Scored
Keysight Technologies,Information Technology,Electronic Equipment & Instruments,"Santa Rosa, California",2023,Submitted,B
Kimberly-Clark,Consumer Staples,Household Products,"Irving, Texas",2023,Submitted,B
Kimco Realty,Real Estate,Retail REITs,"Jericho, New York",2023,No Response,F
Kinder Morgan,Energy,Oil & Gas Storage & Transportation,"Houston, Texas",2023,Submitted,D
KKR,Financials,Asset Management & Custody Banks,"New York City, New York",2023,No Response,F
KLA Corporation,Information Technology,Semiconductor Materials & Equipment,"Milpitas, California",2023,Submitted,B
Kraft Heinz,Consumer Staples,Packaged Foods & Meats,"Chicago, Illinois; Pittsburgh, Pennsylvania",2023,Submitted,B
Kroger,Consumer Staples,Food Retail,"Cincinnati, Ohio",2023,Submitted,B-
L3Harris,Industrials,Aerospace & Defense,"Melbourne, Florida",2023,Submitted,B
LabCorp,Health Care,Health Care Services,"Burlington, North Carolina",2023,Submitted,B
Lam Research,Information Technology,Semiconductor Materials & Equipment,"Fremont, California",2023,Submitted,B
Lamb Weston,Consumer Staples,Packaged Foods & Meats,"Eagle, Idaho",2023,Submitted,C
Las Vegas Sands,Consumer Discretionary,Casinos & Gaming,"Las Vegas, Nevada",2023,Submitted,A-
Leidos,Industrials,Diversified Support Services,"Reston, Virginia",2023,Submitted,B-
Lennar,Consumer Discretionary,Homebuilding,"Miami, Florida",2023,No Response,F
Lilly,Health Care,Pharmaceuticals,"Indianapolis, Indiana",2023,Submitted,A-
Linde plc,Materials,Industrial Gases,"Guildford, United Kingdom",2023,Submitted,A-
Live Nation Entertainment,Communication Services,Movies & Entertainment,"Beverly Hills, California",2023,Submitted,Not Available
Lockheed Martin,Industrials,Aerospace & Defense,"Bethesda, Maryland",2023,Submitted,B
Loews Corporation,Financials,Multi-line Insurance,"New York City, New York",2023,No Response,F
Lowe's,Consumer Discretionary,Home Improvement Retail,"Mooresville, North Carolina",2023,Submitted,B
LyondellBasell,Materials,Specialty Chemicals,"Rotterdam, Netherlands",2023,Submitted,A-
M&T Bank,Financials,Regional Banks,"Buffalo, New York",2023,Submitted,Not Scored
Marathon Petroleum,Energy,Oil & Gas Refining & Marketing,"Findlay, Ohio",2023,Submitted,B
MarketAxess,Financials,Financial Exchanges & Data,"New York City, New York",2023,Submitted,C
Marriott International,Consumer Discretionary,"Hotels, Resorts & Cruise Lines","Bethesda, Maryland",2023,Submitted,B
Martin Marietta Materials,Materials,Construction Materials,"Raleigh, North Carolina",2023,Submitted,C
Masco,Industrials,Building Products,"Livonia, Michigan",2023,Submitted,C
Mastercard,Financials,Transaction & Payment Processing Services,"Harrison, New York",2023,Submitted,A-
Match Group,Communication Services,Interactive Media & Services,"Dallas, Texas",2023,Submitted,C
McCormick & Company,Consumer Staples,Packaged Foods & Meats,"Hunt Valley, Maryland",2023,Submitted,A-
McDonald's,Consumer Discretionary,Restaurants,"Chicago, Illinois",2023,Submitted,C
McKesson Corporation,Health Care,Health Care Distributors,"Irving, Texas",2023,Submitted,B
Merck & Co.,Health Care,Pharmaceuticals,"Kenilworth, New Jersey",2023,See Another,B
MetLife,Financials,Life & Health Insurance,"New York City, New York",2023,Submitted,B
MGM Resorts,Consumer Discretionary,Casinos & Gaming,"Paradise, Nevada",2023,Submitted,A
Microchip Technology,Information Technology,Semiconductors,"Chandler, Arizona",2023,Submitted,C
Micron Technology,Information Technology,Semiconductors,"Boise, Idaho",2023,Submitted,C
Microsoft,Information Technology,Systems Software,"Redmond, Washington",2023,Submitted,Not Scored
Mid-America Apartment Communities,Real Estate,Multi-Family Residential REITs,"Memphis, Tennessee",2023,Submitted,B
Moderna,Health Care,Biotechnology,"Cambridge, Massachusetts",2023,Submitted,Not Available
Mohawk Industries,Consumer Discretionary,Home Furnishings,"Calhoun, Georgia",2023,Submitted,B
Molina Healthcare,Health Care,Managed Health Care,"Long Beach, California",2023,No Response,F
Mondelez International,Consumer Staples,Packaged Foods & Meats,"Chicago, Illinois",2023,Submitted,A-
Monolithic Power Systems,Information Technology,Semiconductors,"Kirkland, Washington",2023,Submitted,D
Monster Beverage,Consumer Staples,Soft Drinks & Non-alcoholic Beverages,"Corona, California",2023,Submitted,B-
Moody's Corporation,Financials,Financial Exchanges & Data,"New York City, New York",2023,Submitted,A
Morgan Stanley,Financials,Investment Banking & Brokerage,"New York City, New York",2023,Submitted,Not Scored
Mosaic Company,Materials,Fertilizers & Agricultural Chemicals,"Tampa, Florida",2023,Submitted,A-
Motorola Solutions,Information Technology,Communications Equipment,"Chicago, Illinois",2023,Submitted,C
MSCI,Financials,Financial Exchanges & Data,"New York City, New York",2023,Submitted,A-
"Nasdaq,",Financials,Financial Exchanges & Data,"New York City, New York",2023,Submitted,A
NetApp,Information Technology,"Technology Hardware, Storage & Peripherals","San Jose, California",2023,Submitted,B
Netflix,Communication Services,Movies & Entertainment,"Los Gatos, California",2023,No Response,F
Newmont,Materials,Gold,"Denver, Colorado",2023,Submitted,A-
News Corp,Communication Services,Publishing,"New York City, New York",2023,Submitted,A-
NextEra Energy,Utilities,Multi-Utilities,"Juno Beach, Florida",2023,No Response,F
"Nike,",Consumer Discretionary,"Apparel, Accessories & Luxury Goods","Washington County, Oregon",2023,Submitted,A-
NiSource,Utilities,Multi-Utilities,"Merrillville, Indiana",2023,Submitted,Not Scored
Nordson Corporation,Industrials,Industrial Machinery & Supplies & Components,"Westlake, Ohio",2023,Submitted,D
Northern Trust,Financials,Asset Management & Custody Banks,"Chicago, Illinois",2023,Submitted,Not Scored
Northrop Grumman,Industrials,Aerospace & Defense,"West Falls Church, Virginia",2023,Submitted,B
Norwegian Cruise Line Holdings,Consumer Discretionary,"Hotels, Resorts & Cruise Lines","Miami, Florida",2023,Submitted,B
NRG Energy,Utilities,Independent Power Producers & Energy Traders,"Houston, Texas",2023,Submitted,A-
Nucor,Materials,Steel,"Charlotte, North Carolina",2023,Submitted,D
Nvidia,Information Technology,Semiconductors,"Santa Clara, California",2023,Submitted,B
Occidental Petroleum,Energy,Oil & Gas Exploration & Production,"Houston, Texas",2023,Submitted,A-
Old Dominion,Industrials,Cargo Ground Transportation,"Thomasville, North Carolina",2023,Submitted,B-
Omnicom Group,Communication Services,Advertising,"New York City, New York",2023,Submitted,B
ON Semiconductor,Information Technology,Semiconductors,"Phoenix, Arizona",2023,Submitted,B
ONEOK,Energy,Oil & Gas Storage & Transportation,"Tulsa, Oklahoma",2023,Submitted,C
Oracle Corporation,Information Technology,Application Software,"Austin, Texas",2023,Submitted,B
Otis Worldwide,Industrials,Industrial Machinery & Supplies & Components,"Farmington, Connecticut",2023,Submitted,A-
Paccar,Industrials,Construction Machinery & Heavy Transportation Equipment,"Bellevue, Washington",2023,Submitted,A-
Packaging Corporation of America,Materials,Paper & Plastic Packaging Products & Materials,"Lake Forest, Illinois",2023,Submitted,C
Palantir Technologies,Information Technology,Internet Services & Infrastructure,"Denver, Colorado",2023,Submitted,C
Palo Alto Networks,Information Technology,Systems Software,"Santa Clara, California",2023,Submitted,A
Paramount Global,Communication Services,Movies & Entertainment,"New York City, New York",2023,Submitted,B
Parker Hannifin,Industrials,Industrial Machinery & Supplies & Components,"Cleveland, Ohio",2023,Submitted,B
Paychex,Industrials,Human Resource & Employment Services,"Penfield, New York",2023,Submitted,B-
Paycom,Industrials,Human Resource & Employment Services,"Oklahoma City, Oklahoma",2023,No Response,F
PayPal,Financials,Transaction & Payment Processing Services,"San Jose, California",2023,Submitted,A-
PepsiCo,Consumer Staples,Soft Drinks & Non-alcoholic Beverages,"Purchase, New York",2023,Submitted,A-
Pfizer,Health Care,Pharmaceuticals,"New York City, New York",2023,Submitted,A-
PG&E Corporation,Utilities,Multi-Utilities,"Oakland, California",2023,Submitted,A-
Philip Morris International,Consumer Staples,Tobacco,"New York City, New York",2023,Submitted,A
Phillips 66,Energy,Oil & Gas Refining & Marketing,"Houston, Texas",2023,Submitted,D
Pinnacle West,Utilities,Multi-Utilities,"Phoenix, Arizona",2023,Submitted,Not Scored
PNC Financial Services,Financials,Diversified Banks,"Pittsburgh, Pennsylvania",2023,Submitted,Not Scored
Pool Corporation,Consumer Discretionary,Distributors,"Covington, Louisiana",2023,Submitted,A-
PPG Industries,Materials,Specialty Chemicals,"Pittsburgh, Pennsylvania",2023,Submitted,D
PPL Corporation,Utilities,Electric Utilities,"Allentown, Pennsylvania",2023,Submitted,Not Scored
Principal Financial Group,Financials,Life & Health Insurance,"Des Moines, Iowa",2023,Submitted,B
Procter & Gamble,Consumer Staples,Personal Care Products,"Cincinnati, Ohio",2023,Submitted,A-
Progressive Corporation,Financials,Property & Casualty Insurance,"Mayfield Village, Ohio",2023,Submitted,D
Prologis,Real Estate,Industrial REITs,"San Francisco, California",2023,See Another,A-
Prudential Financial,Financials,Life & Health Insurance,"Newark, New Jersey",2023,Submitted,C
Public Service Enterprise Group,Utilities,Electric Utilities,"Newark, New Jersey",2023,No Response,F
PTC,Information Technology,Application Software,"Boston, Massachusetts",2023,Submitted,B-
Public Storage,Real Estate,Self-Storage REITs,"Glendale, California",2023,Submitted,C
PulteGroup,Consumer Discretionary,Homebuilding,"Atlanta, Georgia",2023,Submitted,C
Qorvo,Information Technology,Semiconductors,"Greensboro, North Carolina",2023,Submitted,C
Quanta Services,Industrials,Construction & Engineering,"Houston, Texas",2023,Submitted,C
Qualcomm,Information Technology,Semiconductors,"San Diego, California",2023,Submitted,B
Quest Diagnostics,Health Care,Health Care Services,"Secaucus, New Jersey",2023,Submitted,C
Ralph Lauren Corporation,Consumer Discretionary,"Apparel, Accessories & Luxury Goods","New York City, New York",2023,Submitted,B
Raymond James Financial,Financials,Investment Banking & Brokerage,"St. Petersburg, Florida",2023,Submitted,C-
Realty Income,Real Estate,Retail REITs,"San Diego, California",2023,No Response,F
Regency Centers,Real Estate,Retail REITs,"Jacksonville, Florida",2023,Submitted,C
Regeneron Pharmaceuticals,Health Care,Biotechnology,"Tarrytown, New York",2023,Submitted,B
Regions Financial Corporation,Financials,Regional Banks,"Birmingham, Alabama",2023,Submitted,B-
Republic Services,Industrials,Environmental & Facilities Services,"Phoenix, Arizona",2023,Submitted,A-
ResMed,Health Care,Health Care Equipment,"San Diego, California",2023,Submitted,C
Revvity,Health Care,Health Care Equipment,"Waltham, Massachusetts",2023,Submitted,Not Available
Rockwell Automation,Industrials,Electrical Components & Equipment,"Milwaukee, Wisconsin",2023,Submitted,C
Roper Technologies,Information Technology,Electronic Equipment & Instruments,"Sarasota, Florida",2023,Submitted,C
Ross Stores,Consumer Discretionary,Apparel Retail,"Dublin, California",2023,Submitted,B
S&P Global,Financials,Financial Exchanges & Data,"New York City, New York",2023,Submitted,B
Salesforce,Information Technology,Application Software,"San Francisco, California",2023,Submitted,A
SBA Communications,Real Estate,Telecom Tower REITs,"Boca Raton, Florida",2023,Submitted,C
Schlumberger,Energy,Oil & Gas Equipment & Services,"Houston, Texas",2023,Submitted,B
Sempra,Utilities,Multi-Utilities,"San Diego, California",2023,Submitted,Not Scored
ServiceNow,Information Technology,Systems Software,"Santa Clara, California",2023,Submitted,B
Sherwin-Williams,Materials,Specialty Chemicals,"Cleveland, Ohio",2023,Submitted,C
Simon Property Group,Real Estate,Retail REITs,"Indianapolis, Indiana",2023,Submitted,A-
Skyworks Solutions,Information Technology,Semiconductors,"Irvine, California",2023,Submitted,D
J.M. Smucker Company,Consumer Staples,Packaged Foods & Meats,"Orrville, Ohio",2023,Submitted,B-
Snap-on,Industrials,Industrial Machinery & Supplies & Components,"Kenosha, Wisconsin",2023,Submitted,C
Southern Company,Utilities,Electric Utilities,"Atlanta, Georgia",2023,See Another,Not Scored
Southwest Airlines,Industrials,Passenger Airlines,"Dallas, Texas",2023,Submitted,B
Stanley Black & Decker,Industrials,Industrial Machinery & Supplies & Components,"New Britain, Connecticut",2023,Submitted,A-
Starbucks,Consumer Discretionary,Restaurants,"Seattle, Washington",2023,Submitted,B
State Street Corporation,Financials,Asset Management & Custody Banks,"Boston, Massachusetts",2023,Submitted,B
Steel Dynamics,Materials,Steel,"Fort Wayne, Indiana",2023,Submitted,B-
Steris,Health Care,Health Care Equipment,"Dublin, Ireland",2023,Submitted,B
Stryker Corporation,Health Care,Health Care Equipment,"Kalamazoo, Michigan",2023,Submitted,B
Synchrony Financial,Financials,Consumer Finance,"Stamford, Connecticut",2023,No Response,F
Synopsys,Information Technology,Application Software,"Sunnyvale, California",2023,Submitted,A-
Sysco,Consumer Staples,Food Distributors,"Houston, Texas",2023,Submitted,B
T-Mobile US,Communication Services,Wireless Telecommunication Services,"Bellevue, Washington",2023,See Another,A-
T. Rowe Price,Financials,Asset Management & Custody Banks,"Baltimore, Maryland",2023,No Response,F
Take-Two Interactive,Communication Services,Interactive Home Entertainment,"New York City, New York",2023,Submitted,C
Targa Resources,Energy,Oil & Gas Storage & Transportation,"Houston, Texas",2023,No Response,F
Target Corporation,Consumer Staples,Consumer Staples Merchandise Retail,"Minneapolis, Minnesota",2023,Submitted,A-
Teledyne Technologies,Information Technology,Electronic Equipment & Instruments,"Thousand Oaks, California",2023,No Response,F
Teleflex,Health Care,Health Care Equipment,"Wayne, Pennsylvania",2023,No Response,F
Teradyne,Information Technology,Semiconductor Materials & Equipment,"North Reading, Massachusetts",2023,Submitted,C
"Tesla,",Consumer Discretionary,Automobile Manufacturers,"Austin, Texas",2023,No Response,F
Texas Instruments,Information Technology,Semiconductors,"Dallas, Texas",2023,Submitted,C
Textron,Industrials,Aerospace & Defense,"Providence, Rhode Island",2023,Submitted,B
Thermo Fisher Scientific,Health Care,Life Sciences Tools & Services,"Waltham, Massachusetts",2023,See Another,A-
TJX Companies,Consumer Discretionary,Apparel Retail,"Framingham, Massachusetts",2023,Submitted,B
Tractor Supply,Consumer Discretionary,Other Specialty Retail,"Brentwood, Tennessee",2023,Submitted,C
TransDigm Group,Industrials,Aerospace & Defense,"Cleveland, Ohio",2023,No Response,F
Travelers Companies,Financials,Property & Casualty Insurance,"New York City, New York",2023,No Response,F
Trimble,Information Technology,Electronic Equipment & Instruments,"Westminster, Colorado",2023,Submitted,C
Truist Financial,Financials,Diversified Banks,"Charlotte, North Carolina",2023,Submitted,Not Scored
Tyler Technologies,Information Technology,Application Software,"Plano, Texas",2023,No Response,F
Tyson Foods,Consumer Staples,Packaged Foods & Meats,"Springdale, Arkansas",2023,Submitted,C
U.S. Bancorp,Financials,Diversified Banks,"Minneapolis, Minnesota",2023,Submitted,Not Scored
Uber,Industrials,Passenger Ground Transportation,"San Francisco, California",2023,Submitted,B
Ulta Beauty,Consumer Discretionary,Other Specialty Retail,"Bolingbrook, Illinois",2023,Submitted,C
Union Pacific Corporation,Industrials,Rail Transportation,"Omaha, Nebraska",2023,Submitted,A-
United Airlines Holdings,Industrials,Passenger Airlines,"Chicago, Illinois",2023,Submitted,A-
United Parcel Service,Industrials,Air Freight & Logistics,"Sandy Springs, Georgia",2023,Submitted,B-
United Rentals,Industrials,Trading Companies & Distributors,"Stamford, Connecticut",2023,Submitted,B-
UnitedHealth Group,Health Care,Managed Health Care,"Minnetonka, Minnesota",2023,Submitted,B
Universal Health Services,Health Care,Health Care Facilities,"King of Prussia, Pennsylvania",2023,No Response,F
Valero Energy,Energy,Oil & Gas Refining & Marketing,"San Antonio, Texas",2023,Submitted,D
Ventas,Real Estate,Health Care REITs,"Chicago, Illinois",2023,Submitted,B
Verisign,Information Technology,Internet Services & Infrastructure,"Dulles, Virginia",2023,No Response,F
Verisk Analytics,Industrials,Research & Consulting Services,"Jersey City, New Jersey",2023,Submitted,B-
Verizon,Communication Services,Integrated Telecommunication Services,"New York City, New York",2023,Submitted,Not Scored
Vertex Pharmaceuticals,Health Care,Biotechnology,"Boston, Massachusetts",2023,Submitted,A-
Viatris,Health Care,Pharmaceuticals,"Pittsburgh, Pennsylvania",2023,Submitted,B
Vici Properties,Real Estate,Hotel & Resort REITs,"New York City, New York",2023,No Response,F
Visa,Financials,Transaction & Payment Processing Services,"San Francisco, California",2023,Submitted,C
Vistra Corp.,Utilities,Electric Utilities,"Irving, Texas",2023,Submitted,B
Vulcan Materials Company,Materials,Construction Materials,"Birmingham, Alabama",2023,Submitted,C
W. W. Grainger,Industrials,Industrial Machinery & Supplies & Components,"Lake Forest, Illinois",2023,Submitted,A-
Wabtec,Industrials,Construction Machinery & Heavy Transportation Equipment,"Pittsburgh, Pennsylvania",2023,Submitted,B
Walgreens Boots Alliance,Consumer Staples,Drug Retail,"Deerfield, Illinois",2023,Submitted,B
Walmart,Consumer Staples,Consumer Staples Merchandise Retail,"Bentonville, Arkansas",2023,Submitted,B
Walt Disney Company,Communication Services,Movies & Entertainment,"Burbank, California",2023,Submitted,B
Warner Bros. Discovery,Communication Services,Broadcasting,"New York City, New York",2023,Submitted,Not Scored
Waste Management,Industrials,Environmental & Facilities Services,"Houston, Texas",2023,No Response,F
Waters Corporation,Health Care,Life Sciences Tools & Services,"Milford, Massachusetts",2023,Submitted,B-
WEC Energy Group,Utilities,Electric Utilities,"Milwaukee, Wisconsin",2023,Submitted,Not Scored
Wells Fargo,Financials,Diversified Banks,"San Francisco, California",2023,Submitted,Not Scored
Welltower,Real Estate,Health Care REITs,"Toledo, Ohio",2023,Submitted,B
West Pharmaceutical Services,Health Care,Health Care Supplies,"Exton, Pennsylvania",2023,Submitted,B
Western Digital,Information Technology,"Technology Hardware, Storage & Peripherals","San Jose, California",2023,Submitted,B
Weyerhaeuser,Real Estate,Timber REITs,"Seattle, Washington",2023,Submitted,A-
Williams Companies,Energy,Oil & Gas Storage & Transportation,"Tulsa, Oklahoma",2023,Submitted,A-
Willis Towers Watson,Financials,Insurance Brokers,"London, United Kingdom",2023,See Another,C
Wynn Resorts,Consumer Discretionary,Casinos & Gaming,"Paradise, Nevada",2023,No Response,F
Xcel Energy,Utilities,Multi-Utilities,"Minneapolis, Minnesota",2023,No Response,F
Xylem,Industrials,Industrial Machinery & Supplies & Components,"White Plains, New York",2023,Submitted,B
Yum! Brands,Consumer Discretionary,Restaurants,"Louisville, Kentucky",2023,Submitted,A-
Zebra Technologies,Information Technology,Electronic Equipment & Instruments,"Lincolnshire, Illinois",2023,Submitted,B
Zimmer Biomet,Health Care,Health Care Equipment,"Warsaw, Indiana",2023,Submitted,A
Zoetis,Health Care,Pharmaceuticals,"Parsippany, New Jersey",2023,Submitted,B
