Security,Sector,State,City,Response,Year,Submission,Score,Score Numeric
Security,Sector,State,City,Cities 2023,2023,No Response,Not Scored,
American Airlines Group,Industrials,Passenger Airlines,"Fort Worth, Texas",Climate Change 2023,2023,Submitted,Not Scored,
AAON,Industrials,Building Products,"Tulsa, Oklahoma",Climate Change 2023,2023,No Response,F,0
Acadia Healthcare,Health Care,Health Care Facilities,"Franklin, Tennessee",Climate Change 2023,2023,No Response,F,0
AECOM,Industrials,Construction & Engineering,"Dallas, Texas",Climate Change 2023,2023,Submitted,B,85
Agree Realty,Real Estate,Retail REITs,"Bloomfield Hills, Michigan",Climate Change 2023,2023,No Response,F,0
American Financial Group,Financials,Multi-line Insurance,"Cincinnati, Ohio",Climate Change 2023,2023,No Response,F,0
AGCO,Industrials,Agricultural & Farm Machinery,"Duluth, Georgia",Climate Change 2023,2023,Submitted,B,85
Applied Industrial Technologies,Industrials,Trading Companies & Distributors,"Cleveland, Ohio",Climate Change 2023,2023,No Response,F,0
ALLETE,Utilities,Electric Utilities,"Duluth, Minnesota",Climate Change 2023,2023,No Response,F,0
Allegro MicroSystems,Information Technology,Semiconductors,"Manchester, New Hampshire",Climate Change 2023,2023,Submitted,C,75
Ally Financial,Financials,Consumer Finance,"Detroit, Michigan",Climate Change 2023,2023,Submitted,B-,80
Antero Midstream,Energy,Oil & Gas Storage & Transportation,"Denver, Colorado",Climate Change 2023,2023,No Response,F,0
Amedisys,Health Care,Health Care Services,"Baton Rouge, Louisiana",Climate Change 2023,2023,No Response,F,0
Affiliated Managers Group,Financials,Asset Management & Custody Banks,"West Palm Beach, Florida",Climate Change 2023,2023,Submitted,B,85
American Homes 4 Rent,Real Estate,Single-Family Residential REITs,"Las Vegas, Nevada",Climate Change 2023,2023,No Response,F,0
Amkor Technology,Information Technology,Semiconductors,"Tempe, Arizona",Climate Change 2023,2023,Submitted,A-,95
AutoNation,Consumer Discretionary,Automotive Retail,"Fort Lauderdale, Florida",Climate Change 2023,2023,No Response,F,0
Abercrombie & Fitch,Consumer Discretionary,Apparel Retail,"New Albany, Ohio",Climate Change 2023,2023,Submitted,B,85
AppFolio,Information Technology,Application Software,"Goleta, California",Climate Change 2023,2023,No Response,F,0
Antero Resources,Energy,Oil & Gas Exploration & Production,"Denver, Colorado",Climate Change 2023,2023,No Response,F,0
Aramark,Consumer Discretionary,Distributors,"Philadelphia, Pennsylvania",Climate Change 2023,2023,Submitted,B,85
Arrow Electronics,Information Technology,Technology Distributors,"Centennial, Colorado",Climate Change 2023,2023,Submitted,C,75
ASGN Inc.,Information Technology,IT Consulting & Other Services,"Glen Allen, Virginia",Climate Change 2023,2023,Submitted,D,65
Ashland Global,Materials,Diversified Chemicals,"Wilmington, Delaware",Climate Change 2023,2023,Submitted,B,85
AptarGroup,Materials,"Metal, Glass & Plastic Containers","Crystal Lake, Illinois",Climate Change 2023,2023,Submitted,A-,95
Avient,Materials,Specialty Chemicals,"Avon Lake, Ohio",Climate Change 2023,2023,Submitted,A-,95
Avnet,Information Technology,Technology Distributors,"Phoenix, Arizona",Climate Change 2023,2023,Submitted,B,85
Avantor,Health Care,Life Sciences Tools & Services,"Radnor, Pennsylvania",Climate Change 2023,2023,Submitted,C,75
Axalta,Materials,Specialty Chemicals,"Philadelphia, Pennsylvania",Climate Change 2023,2023,Submitted,C,75
Acuity Brands,Industrials,Electrical Components & Equipment,"Atlanta, Georgia",Climate Change 2023,2023,Submitted,B,85
Aspen Technology,Information Technology,Application Software,"Bedford, Massachusetts",Climate Change 2023,2023,Submitted,Not Available,
Brunswick,Consumer Discretionary,Leisure Products,"Mettawa, Illinois",Climate Change 2023,2023,Submitted,B,85
Brink's,Industrials,Security & Alarm Services,"Richmond, Virginia",Climate Change 2023,2023,Submitted,D-,60
Belden,Information Technology,Electronic Components,"St. Louis, Missouri",Climate Change 2023,2023,No Response,F,0
Berry Global,Materials,Paper & Plastic Packaging Products & Materials,"Evansville, Indiana",Climate Change 2023,2023,Submitted,A-,95
Brighthouse Financial,Financials,Life & Health Insurance,"Charlotte, North Carolina",Climate Change 2023,2023,No Response,F,0
Bio-Rad Laboratories,Health Care,Life Sciences Tools & Services,"Hercules, California",Climate Change 2023,2023,Submitted,D-,60
BJ's Wholesale Club,Consumer Staples,Hypermarkets & Super Centers,"Marlborough, Massachusetts",Climate Change 2023,2023,No Response,F,0
Black Hills Corporation,Utilities,Multi-Utilities,"Rapid City, South Dakota",Climate Change 2023,2023,No Response,F,0
Blackbaud,Information Technology,Application Software,"Charleston, South Carolina",Climate Change 2023,2023,Submitted,C,75
BioMarin Pharmaceutical,Health Care,Biotechnology,"San Rafael, California",Climate Change 2023,2023,No Response,F,0
BellRing Brands,Consumer Staples,Packaged Foods & Meats,,Climate Change 2023,2023,No Response,F,0
Bruker,Health Care,Health Care Equipment,"Billerica, Massachusetts",Climate Change 2023,2023,No Response,F,0
Brixmor Property Group,Real Estate,Retail REITs,"New York City, New York",Climate Change 2023,2023,No Response,F,0
Burlington,Consumer Discretionary,Apparel Retail,"Burlington, New Jersey",Climate Change 2023,2023,No Response,F,0
BWX Technologies,Industrials,Aerospace & Defense,"Lynchburg, Virginia",Climate Change 2023,2023,No Response,F,0
Boyd Gaming,Consumer Discretionary,Casinos & Gaming,"Las Vegas, Nevada",Climate Change 2023,2023,No Response,F,0
CACI International,Industrials,Diversified Support Services,"Reston, Virginia",Climate Change 2023,2023,Submitted,Not Available,
Cadence Bank,Financials,Regional Banks,"Tupelo, Mississippi Houston, Texas",Climate Change 2023,2023,No Response,F,0
Avis Budget Group,Industrials,Passenger Ground Transportation,"Parsippany, New Jersey",Climate Change 2023,2023,Submitted,B,85
Casey's General Stores,Consumer Staples,Food Retail,"Ankeny, Iowa",Climate Change 2023,2023,No Response,F,0
Commerce Bancshares,Financials,Regional Banks,"Kansas City, Missouri",Climate Change 2023,2023,No Response,F,0
Cabot Corp,Materials,Diversified Chemicals,"Boston, Massachusetts",Climate Change 2023,2023,Submitted,B,85
Chemours,Materials,Diversified Chemicals,"Wilmington, Delaware",Climate Change 2023,2023,Submitted,B,85
Crown Holdings,Materials,Paper & Plastic Packaging Products & Materials,"Yardley, Pennsylvania",Climate Change 2023,2023,Submitted,A-,95
Frost Bank,Financials,Regional Banks,"San Antonio, Texas",Climate Change 2023,2023,No Response,F,0
Carlyle Group,Financials,Asset Management & Custody Banks,"Washington, D.C.",Climate Change 2023,2023,No Response,F,0
Cognex,Information Technology,Electronic Equipment & Instruments,"Natick, Massachusetts",Climate Change 2023,2023,Submitted,Not Available,
Choice Hotels,Consumer Discretionary,"Hotels, Resorts & Cruise Lines","Rockville, Maryland",Climate Change 2023,2023,Submitted,Not Available,
Chewy,Consumer Discretionary,Other Specialty Retail,"Plantation, Florida",Climate Change 2023,2023,No Response,F,0
ChampionX,Energy,Oil & Gas Equipment & Services,"The Woodlands, Texas",Climate Change 2023,2023,Submitted,C,75
Ciena,Information Technology,Communications Equipment,"Hanover, Maryland",Climate Change 2023,2023,Submitted,B,85
Civitas Resources,Energy,Oil & Gas Exploration & Production,"Denver, Colorado",Climate Change 2023,2023,No Response,F,0
Cleveland-Cliffs,Materials,Steel,"Cleveland, Ohio",Climate Change 2023,2023,Submitted,B,85
Clean Harbors,Industrials,Environmental & Facilities Services,"Norwell, Massachusetts",Climate Change 2023,2023,Submitted,C,75
Commercial Metals,Materials,Steel,"Irving, Texas",Climate Change 2023,2023,No Response,F,0
Core & Main,Industrials,Trading Companies & Distributors,"St. Louis, Missouri",Climate Change 2023,2023,No Response,F,0
CNO Financial Group,Financials,Life & Health Insurance,"Carmel, Indiana",Climate Change 2023,2023,No Response,F,0
CNX Resources,Energy,Oil & Gas Exploration & Production,"Pittsburgh, Pennsylvania",Climate Change 2023,2023,Submitted,C,75
Concentrix,Industrials,Data Processing & Outsourced Services,"Newark, California",Climate Change 2023,2023,Submitted,B,85
Coherent Corp.,Information Technology,Electronic Components,"Saxonburg, Pennsylvania",Climate Change 2023,2023,Submitted,B,85
Columbia Banking System,Financials,Regional Banks,"Tacoma, Washington",Climate Change 2023,2023,No Response,F,0
Columbia Sportswear,Consumer Discretionary,"Apparel, Accessories & Luxury Goods","Portland, Oregon",Climate Change 2023,2023,No Response,F,0
Coty,Consumer Staples,Personal Care Products,"New York City, New York",Climate Change 2023,2023,Submitted,B,85
Crane,Industrials,Industrial Machinery & Supplies & Components,"Stamford, Connecticut",Climate Change 2023,2023,No Response,F,0
Carter's,Consumer Discretionary,"Apparel, Accessories & Luxury Goods","Atlanta, Georgia",Climate Change 2023,2023,Submitted,C,75
Crocs,Consumer Discretionary,Footwear,"Broomfield, Colorado",Climate Change 2023,2023,Submitted,B,85
Cirrus Logic,Information Technology,Semiconductors,"Austin, Texas",Climate Change 2023,2023,Submitted,B,85
Carlisle Companies,Industrials,Industrial Conglomerates,"Phoenix, Arizona",Climate Change 2023,2023,Submitted,C,75
CubeSmart,Real Estate,Industrial REITs,"Malvern, Pennsylvania",Climate Change 2023,2023,No Response,F,0
Cousins Properties,Real Estate,Office REITs,"Atlanta, Georgia",Climate Change 2023,2023,No Response,F,0
CommVault Systems,Information Technology,Systems Software,"Tinton Falls, New Jersey",Climate Change 2023,2023,No Response,F,0
Curtiss-Wright,Industrials,Aerospace & Defense,"Davidson, North Carolina",Climate Change 2023,2023,No Response,F,0
Cytokinetics,Health Care,Biotechnology,"South San Francisco, California",Climate Change 2023,2023,No Response,F,0
Darling Ingredients,Consumer Staples,Agricultural Products & Services,,Climate Change 2023,2023,Submitted,C,75
Dropbox,Information Technology,Application Software,"San Francisco, California",Climate Change 2023,2023,Submitted,Not Scored,
Donaldson,Industrials,Industrial Machinery & Supplies & Components,"Bloomington, Minnesota",Climate Change 2023,2023,Submitted,D,65
Dick's Sporting Goods,Consumer Discretionary,Specialty Stores,"Coraopolis, Pennsylvania",Climate Change 2023,2023,Submitted,C,75
Dolby,Information Technology,Application Software,"San Francisco, California",Climate Change 2023,2023,Submitted,B,85
Doximity,Health Care,Health Care Technology,"San Francisco, California",Climate Change 2023,2023,No Response,F,0
Docusign,Information Technology,Application Software,"San Francisco, California",Climate Change 2023,2023,Submitted,C,75
Dynatrace,Information Technology,Application Software,"Waltham, Massachusetts",Climate Change 2023,2023,Submitted,C,75
DT Midstream,Energy,Oil & Gas Storage & Transportation,"Detroit, Michigan",Climate Change 2023,2023,No Response,F,0
Duolingo,Consumer Discretionary,Education Services,"Pittsburgh, Pennsylvania",Climate Change 2023,2023,No Response,F,0
Euronet Worldwide,Financials,Transaction & Payment Processing Services,"Leawood, Kansas",Climate Change 2023,2023,No Response,F,0
EastGroup Properties,Real Estate,Industrial REITs,,Climate Change 2023,2023,No Response,F,0
Encompass Health,Health Care,Health Care Facilities,"Birmingham, Alabama",Climate Change 2023,2023,No Response,F,0
e.l.f. Beauty,Consumer Staples,Personal Care Products,"Oakland, California",Climate Change 2023,2023,Submitted,Not Available,
Emcor,Industrials,Construction & Engineering,"Norwalk, Connecticut",Climate Change 2023,2023,Submitted,Not Available,
Enovis,Health Care,Health Care Equipment,"Wilmington, Delaware",Climate Change 2023,2023,No Response,F,0
EnerSys,Industrials,Electrical Components & Equipment,"Reading, Pennsylvania",Climate Change 2023,2023,Submitted,D,65
Ensign Group,Health Care,Health Care Facilities,"San Juan Capistrano, California",Climate Change 2023,2023,No Response,F,0
EPR Properties,Real Estate,Other Specialized REITs,"Kansas City, Missouri",Climate Change 2023,2023,No Response,F,0
Equitable Holdings,Financials,Diversified Financial Services,"New York City, New York",Climate Change 2023,2023,No Response,F,0
Evercore,Financials,Investment Banking & Brokerage,"New York City, New York",Climate Change 2023,2023,No Response,F,0
East West Bancorp,Financials,Regional Banks,,Climate Change 2023,2023,No Response,F,0
Exelixis,Health Care,Biotechnology,"Alameda, California",Climate Change 2023,2023,No Response,F,0
EXL Service,Industrials,Data Processing & Outsourced Services,"New York City, New York",Climate Change 2023,2023,Submitted,B,85
Eagle Materials,Materials,Construction Materials,"Dallas, Texas",Climate Change 2023,2023,No Response,F,0
Exponent,Industrials,Research & Consulting Services,"Menlo Park, California",Climate Change 2023,2023,No Response,F,0
First American Financial Corporation,Financials,Property & Casualty Insurance,"Santa Ana, California",Climate Change 2023,2023,Submitted,C,75
Fortune Brands Innovations,Industrials,Building Products,"Deerfield, Illinois",Climate Change 2023,2023,Submitted,C,75
FirstCash,Financials,Consumer Finance,"Fort Worth, Texas",Climate Change 2023,2023,No Response,F,0
FTI Consulting,Industrials,Research & Consulting Services,"Washington, D.C.",Climate Change 2023,2023,Submitted,C,75
First Horizon,Financials,Regional Banks,"Memphis, Tennessee",Climate Change 2023,2023,Submitted,Not Scored,
Five Below,Consumer Discretionary,Specialty Stores,"Philadelphia, Pennsylvania",Climate Change 2023,2023,No Response,F,0
Comfort Systems USA,Industrials,Construction & Engineering,"Houston, Texas",Climate Change 2023,2023,Submitted,C,75
Flex Ltd.,Information Technology,Electronic Manufacturing Services,"Austin, Texas",Climate Change 2023,2023,Submitted,A-,95
Flowers Foods,Consumer Staples,Packaged Foods & Meats,"Thomasville, Georgia",Climate Change 2023,2023,Submitted,C,75
Fluor,Industrials,Construction & Engineering,"Irving, Texas",Climate Change 2023,2023,Submitted,C,75
Flowserve,Industrials,Industrial Machinery & Supplies & Components,"Irving, Texas",Climate Change 2023,2023,Submitted,C,75
Floor & Decor,Consumer Discretionary,Home Improvement Retail,"Smyrna, Georgia",Climate Change 2023,2023,No Response,F,0
Fidelity National Financial,Financials,Property & Casualty Insurance,"Jacksonville, Florida",Climate Change 2023,2023,No Response,F,0
Shift4,Financials,Transaction & Payment Processing Services,"Center Valley, Pennsylvania",Climate Change 2023,2023,No Response,F,0
First Industrial Realty Trust,Real Estate,Industrial REITs,"Chicago, Illinois",Climate Change 2023,2023,No Response,F,0
Frontier Communications,Communication Services,Integrated Telecommunication Services,"Norwalk, Connecticut",Climate Change 2023,2023,No Response,F,0
Genpact,Industrials,Data Processing & Outsourced Services,"New York City, New York",Climate Change 2023,2023,Submitted,B,85
Gap Inc.,Consumer Discretionary,Apparel Retail,"San Francisco, California",Climate Change 2023,2023,Submitted,A-,95
GATX,Industrials,Construction Machinery & Heavy Transportation Equipment,"Chicago, Illinois",Climate Change 2023,2023,No Response,F,0
Glacier Bancorp,Financials,Regional Banks,"Kalispell, Montana",Climate Change 2023,2023,No Response,F,0
Greif,Materials,"Metal, Glass & Plastic Containers","Delaware, Ohio",Climate Change 2023,2023,Submitted,A-,95
Graco,Industrials,Industrial Machinery & Supplies & Components,"Minneapolis, Minnesota",Climate Change 2023,2023,No Response,F,0
Graham Holdings,Consumer Discretionary,Education Services,"Arlington County, Virginia",Climate Change 2023,2023,No Response,F,0
Gaming and Leisure Properties,Real Estate,Specialized REITs,"Wyomissing, Pennsylvania",Climate Change 2023,2023,No Response,F,0
GameStop,Consumer Discretionary,Computer & Electronics Retail,"Grapevine, Texas",Climate Change 2023,2023,Submitted,B-,80
Globus Medical,Health Care,Health Care Equipment,"Audubon, Pennsylvania",Climate Change 2023,2023,No Response,F,0
Gentex,Consumer Discretionary,Automotive Parts & Equipment,"Zeeland, Michigan",Climate Change 2023,2023,Submitted,C,75
Graphic Packaging,Materials,Paper & Plastic Packaging Products & Materials,"Atlanta, Georgia",Climate Change 2023,2023,Submitted,Not Scored,
Goodyear Tire & Rubber,Consumer Discretionary,Tires & Rubber,"Akron, Ohio",Climate Change 2023,2023,Submitted,C,75
Chart Industries,Industrials,Industrial Machinery & Supplies & Components,,Climate Change 2023,2023,No Response,F,0
GXO Logistics,Industrials,Air Freight & Logistics,"Greenwich, Connecticut",Climate Change 2023,2023,Submitted,Not Scored,
Hyatt,Consumer Discretionary,"Hotels, Resorts & Cruise Lines","Chicago, Illinois",Climate Change 2023,2023,Submitted,C,75
Haemonetics,Health Care,Health Care Supplies,"Boston, Massachusetts",Climate Change 2023,2023,No Response,F,0
Halozyme,Health Care,Life Sciences Tools & Services,"San Diego, California",Climate Change 2023,2023,No Response,F,0
Hilton Grand Vacations,Consumer Discretionary,"Hotels, Resorts & Cruise Lines","Orlando, Florida",Climate Change 2023,2023,No Response,F,0
Houlihan Lokey,Financials,Investment Banking & Brokerage,"Los Angeles, California",Climate Change 2023,2023,No Response,F,0
Hamilton Lane,Financials,Asset Management & Custody Banks,"Conshohocken, Pennsylvania",Climate Change 2023,2023,No Response,F,0
Harley-Davidson,Consumer Discretionary,Motorcycle Manufacturers,"Milwaukee, Wisconsin",Climate Change 2023,2023,Submitted,B-,80
Home BancShares,Financials,Regional Banks,"Conway, Arkansas",Climate Change 2023,2023,No Response,F,0
HealthEquity,Health Care,Managed Health Care,"Draper, Utah",Climate Change 2023,2023,No Response,F,0
Healthcare Realty Trust,Real Estate,Health Care REITs,,Climate Change 2023,2023,No Response,F,0
H&R Block,Consumer Discretionary,Specialized Consumer Services,"Kansas City, Missouri",Climate Change 2023,2023,Submitted,Not Scored,
Hancock Whitney,Financials,Regional Banks,"Gulfport, Mississippi",Climate Change 2023,2023,No Response,F,0
Hexcel,Industrials,Aerospace & Defense,"Stamford, Connecticut",Climate Change 2023,2023,Submitted,C,75
Interactive Brokers,Financials,Investment Banking & Brokerage,"Greenwich, Connecticut",Climate Change 2023,2023,No Response,F,0
Idacorp,Utilities,Electric Utilities,"Boise, Idaho",Climate Change 2023,2023,Submitted,Not Scored,
Illumina,Health Care,Life Sciences Tools & Services,"San Diego, California",Climate Change 2023,2023,Submitted,Not Scored,
Ingredion,Consumer Staples,Agricultural Products & Services,"Westchester, Illinois",Climate Change 2023,2023,Submitted,A-,95
IPG Photonics,Information Technology,Electronic Manufacturing Services,"Oxford, Massachusetts",Climate Change 2023,2023,No Response,F,0
Iridium Communications,Communication Services,Alternative Carriers,"McLean, Virginia",Climate Change 2023,2023,Submitted,C,75
ITT,Industrials,Industrial Machinery & Supplies & Components,"Stamford, Connecticut",Climate Change 2023,2023,Submitted,B,85
Jefferies,Financials,Multi-Sector Holdings,"New York City, New York",Climate Change 2023,2023,Submitted,Not Scored,
Jones Lang LaSalle,Real Estate,Real Estate Services,"Chicago, Illinois",Climate Change 2023,2023,Submitted,B,85
Nordstrom,Consumer Discretionary,Broadline Retail,"Seattle, Washington",Climate Change 2023,2023,Submitted,B-,80
KB Home,Consumer Discretionary,Homebuilding,"Los Angeles, California",Climate Change 2023,2023,No Response,F,0
KBR,Industrials,Diversified Support Services,"Houston, Texas",Climate Change 2023,2023,Submitted,D,65
Kyndryl,Information Technology,IT Consulting & Other Services,"New York City, New York",Climate Change 2023,2023,Submitted,B,85
Kirby,Industrials,Marine,"Houston, Texas",Climate Change 2023,2023,Submitted,B-,80
Kemper,Financials,Multi-line Insurance,"Chicago, Illinois",Climate Change 2023,2023,No Response,F,0
Kinsale Capital Group,Financials,Property & Casualty Insurance,,Climate Change 2023,2023,No Response,F,0
Knight-Swift,Industrials,Cargo Ground Transportation,"Phoenix, Arizona",Climate Change 2023,2023,Submitted,C,75
Kite Realty Group Trust,Real Estate,Retail REITs,,Climate Change 2023,2023,Submitted,Not Available,
Lithia Motors,Consumer Discretionary,Automotive Retail,"Medford, Oregon",Climate Change 2023,2023,Submitted,Not Available,
Lancaster Colony Corp,Consumer Staples,Packaged Foods & Meats,,Climate Change 2023,2023,Submitted,C,75
Lear,Consumer Discretionary,Automotive Parts & Equipment,"Southfield, Michigan",Climate Change 2023,2023,No Response,F,0
Lincoln Electric,Industrials,Industrial Machinery & Supplies & Components,"Euclid, Ohio",Climate Change 2023,2023,Submitted,C,75
Littelfuse,Information Technology,Electronic Components,"Chicago, Illinois",Climate Change 2023,2023,Submitted,B,85
Lennox International,Industrials,Building Products,"Richardson, Texas",Climate Change 2023,2023,Submitted,C,75
Lantheus Holdings,Health Care,Health Care Supplies,,Climate Change 2023,2023,No Response,F,0
Light & Wonder,Consumer Discretionary,Casinos & Gaming,"Las Vegas, Nevada",Climate Change 2023,2023,No Response,F,0
Grand Canyon Education,Consumer Discretionary,Education Services,"Phoenix, Arizona",Climate Change 2023,2023,Submitted,Not Available,
Louisiana-Pacific,Materials,Forest Products,"Nashville, Tennessee",Climate Change 2023,2023,Submitted,C,75
Lattice Semiconductor,Information Technology,Semiconductors,"Hillsboro, Oregon",Climate Change 2023,2023,Submitted,D,65
Landstar System,Industrials,Cargo Ground Transportation,"Jacksonville, Florida",Climate Change 2023,2023,Submitted,C,75
Macy's,Consumer Discretionary,Broadline Retail,"New York City, New York",Climate Change 2023,2023,Submitted,B,85
ManpowerGroup,Industrials,Human Resource & Employment Services,"Milwaukee, Wisconsin",Climate Change 2023,2023,Submitted,B,85
Manhattan Associates,Information Technology,Application Software,"Atlanta, Georgia",Climate Change 2023,2023,No Response,F,0
Masimo,Health Care,Health Care Equipment,"Irvine, California",Climate Change 2023,2023,No Response,F,0
Mattel,Consumer Discretionary,Leisure Products,"El Segundo, California",Climate Change 2023,2023,Submitted,D,65
Medpace,Health Care,Biotechnology,"Cincinnati, Ohio",Climate Change 2023,2023,No Response,F,0
Middleby,Industrials,Industrial Machinery & Supplies & Components,"Elgin, Illinois",Climate Change 2023,2023,Submitted,D,65
MKS Instruments,Information Technology,Semiconductor Materials & Equipment,"Andover, Massachusetts",Climate Change 2023,2023,Submitted,Not Scored,
Mueller Industries,Industrials,Industrial Machinery & Supplies & Components,"Collierville, Tennessee",Climate Change 2023,2023,Submitted,D,65
Morningstar,Financials,Financial Exchanges & Data,"Chicago, Illinois",Climate Change 2023,2023,Declined to participate,F,0
MSA Safety,Industrials,Office Services & Supplies,"Cranberry Township, Pennsylvania",Climate Change 2023,2023,Submitted,C,75
MSC Industrial Direct,Industrials,Trading Companies & Distributors,"Melville, New York Davidson, North Carolina",Climate Change 2023,2023,Submitted,D,65
Matador Resources,Energy,Oil & Gas Exploration & Production,,Climate Change 2023,2023,No Response,F,0
Vail Resorts,Consumer Discretionary,"Hotels, Resorts & Cruise Lines","Broomfield, Colorado",Climate Change 2023,2023,Submitted,Not Scored,
MACOM Technology Solutions,Information Technology,Semiconductors,"Lowell, Massachusetts",Climate Change 2023,2023,No Response,F,0
MasTec,Industrials,Construction & Engineering,"Coral Gables, Florida",Climate Change 2023,2023,Submitted,C,75
Murphy Oil,Energy,Oil & Gas Exploration & Production,"Houston, Texas",Climate Change 2023,2023,No Response,F,0
Murphy USA,Consumer Discretionary,Automotive Retail,"El Dorado, Arkansas",Climate Change 2023,2023,No Response,F,0
Neurocrine Biosciences,Health Care,Biotechnology,"San Diego, California",Climate Change 2023,2023,No Response,F,0
Neogen,Health Care,Health Care Supplies,"Lansing, Michigan",Climate Change 2023,2023,No Response,F,0
NewMarket Corporation,Materials,Specialty Chemicals,"Richmond, Virginia",Climate Change 2023,2023,No Response,F,0
National Fuel Gas,Utilities,Gas Utilities,"Williamsville, New York",Climate Change 2023,2023,Submitted,Not Available,
New Jersey Resources,Utilities,Gas Utilities,"Wall Township, New Jersey",Climate Change 2023,2023,No Response,F,0
Annaly Capital Management,Financials,Mortgage REITs,"New York City, New York",Climate Change 2023,2023,No Response,F,0
Nov,Energy,Oil & Gas Equipment & Services,"Houston, Texas",Climate Change 2023,2023,Submitted,B,85
Novanta,Information Technology,Electronic Equipment & Instruments,,Climate Change 2023,2023,Submitted,C,75
Insperity,Industrials,Human Resource & Employment Services,"Houston, Texas",Climate Change 2023,2023,No Response,F,0
Envista Holdings,Health Care,Health Care Supplies,,Climate Change 2023,2023,No Response,F,0
NorthWestern Corporation,Utilities,Multi-Utilities,"Sioux Falls, South Dakota",Climate Change 2023,2023,No Response,F,0
Nexstar Media Group,Communication Services,Movies & Entertainment,"Irving, Texas",Climate Change 2023,2023,No Response,F,0
Nextracker,Industrials,Electrical Components & Equipment,"Fremont, California",Climate Change 2023,2023,Submitted,Not Available,
New York Times Company,Communication Services,Publishing,"New York City, New York",Climate Change 2023,2023,No Response,F,0
Owens Corning,Industrials,Building Products,"Toledo, Ohio",Climate Change 2023,2023,Submitted,A-,95
OGE Energy,Utilities,Multi-Utilities,"Oklahoma City, Oklahoma",Climate Change 2023,2023,Submitted,Not Scored,
ONE Gas,Utilities,Gas Utilities,"Tulsa, Oklahoma",Climate Change 2023,2023,No Response,F,0
Omega Healthcare Investors,Real Estate,Health Care REITs,,Climate Change 2023,2023,Submitted,C,75
Universal Display,Information Technology,Semiconductors,"Ewing, New Jersey",Climate Change 2023,2023,Submitted,C,75
Ollie's Bargain Outlet,Consumer Discretionary,Broadline Retail,"Harrisburg, Pennsylvania",Climate Change 2023,2023,No Response,F,0
Olin,Materials,Diversified Chemicals,"Clayton, Missouri",Climate Change 2023,2023,Submitted,A-,95
Onto Innovation,Information Technology,Semiconductor Materials & Equipment,"Wilmington, Massachusetts",Climate Change 2023,2023,Submitted,B-,80
Option Care Health,Health Care,Health Care Facilities,,Climate Change 2023,2023,Submitted,Not Scored,
Ormat Technologies,Utilities,Renewable Electricity,"Reno, Nevada",Climate Change 2023,2023,Submitted,B,85
Old Republic International,Financials,Property & Casualty Insurance,"Chicago, Illinois",Climate Change 2023,2023,No Response,F,0
Oshkosh,Industrials,Construction Machinery & Heavy Transportation Equipment,"Oshkosh, Wisconsin",Climate Change 2023,2023,Submitted,C,75
Bank OZK,Financials,Regional Banks,"Little Rock, Arkansas",Climate Change 2023,2023,No Response,F,0
Penske Automotive Group,Consumer Discretionary,Automotive Retail,"Bloomfield Hills, Michigan",Climate Change 2023,2023,No Response,F,0
Prosperity Bancshares,Financials,Regional Banks,"Houston, Texas",Climate Change 2023,2023,No Response,F,0
PBF Energy,Energy,Oil & Gas Refining & Marketing,"Parsippany, New Jersey",Climate Change 2023,2023,No Response,F,0
PotlatchDeltic,Real Estate,Timber REITs,"Spokane, Washington",Climate Change 2023,2023,See Another,C,75
Paylocity,Industrials,Human Resource & Employment Services,"Schaumburg, Illinois",Climate Change 2023,2023,No Response,F,0
Penumbra,Health Care,Health Care Equipment,,Climate Change 2023,2023,No Response,F,0
Performance Food Group,Consumer Staples,Food Distributors,"Richmond, Virginia",Climate Change 2023,2023,No Response,F,0
Polaris,Consumer Discretionary,Leisure Products,"Medina, Minnesota",Climate Change 2023,2023,No Response,F,0
Park Hotels & Resorts,Real Estate,Hotel & Resort REITs,"Tysons, Virginia",Climate Change 2023,2023,No Response,F,0
Planet Fitness,Consumer Discretionary,Leisure Facilities,"Hampton, New Hampshire",Climate Change 2023,2023,No Response,F,0
Pinnacle Financial Partners,Financials,Regional Banks,"Nashville, Tennessee",Climate Change 2023,2023,No Response,F,0
PNM Resources,Utilities,Electric Utilities,"Albuquerque, New Mexico",Climate Change 2023,2023,No Response,F,0
Portland General Electric,Utilities,Electric Utilities,"Portland, Oregon",Climate Change 2023,2023,No Response,F,0
Post Holdings,Consumer Staples,Packaged Foods & Meats,"St Louis, Missouri",Climate Change 2023,2023,Submitted,B-,80
Power Integrations,Information Technology,Semiconductors,,Climate Change 2023,2023,No Response,F,0
Primerica,Financials,Life & Health Insurance,"Duluth, Georgia",Climate Change 2023,2023,No Response,F,0
Parsons Corporation,Industrials,Aerospace & Defense,"Chantilly, Virginia",Climate Change 2023,2023,Submitted,Not Available,
Pure Storage,Information Technology,"Technology Hardware, Storage & Peripherals","Santa Clara, California",Climate Change 2023,2023,Submitted,B-,80
PVH,Consumer Discretionary,"Apparel, Accessories & Luxury Goods","New York City, New York",Climate Change 2023,2023,Submitted,B,85
Qualys,Information Technology,Systems Software,"Foster City, California",Climate Change 2023,2023,Submitted,Not Scored,
Ryder,Industrials,Cargo Ground Transportation,"Miami, Florida",Climate Change 2023,2023,Submitted,B,85
RBC Bearings,Industrials,Industrial Machinery & Supplies & Components,"Oxford, Connecticut",Climate Change 2023,2023,No Response,F,0
Rexford Industrial Realty,Real Estate,Industrial REITs,,Climate Change 2023,2023,Submitted,C,75
Reinsurance Group of America,Financials,Reinsurance,"Chesterfield, Missouri",Climate Change 2023,2023,Submitted,D-,60
Repligen,Health Care,Biotechnology,"Waltham, Massachusetts",Climate Change 2023,2023,Submitted,C,75
Royal Gold,Materials,Gold,"Denver, Colorado",Climate Change 2023,2023,No Response,F,0
RH,Consumer Discretionary,Homefurnishing Retail,"Corte Madera, California",Climate Change 2023,2023,Submitted,Not Scored,
RLI,Financials,Property & Casualty Insurance,"Peoria, Illinois",Climate Change 2023,2023,Submitted,C,75
Rambus,Information Technology,Semiconductors,"San Jose, California",Climate Change 2023,2023,Submitted,B,85
Roivant Sciences,Health Care,Biotechnology,"London, United Kingdom",Climate Change 2023,2023,No Response,F,0
RPM International,Materials,Specialty Chemicals,"Medina, Ohio",Climate Change 2023,2023,Submitted,C,75
Range Resources,Energy,Oil & Gas Exploration & Production,"Fort Worth, Texas",Climate Change 2023,2023,Submitted,C,75
Regal Rexnord,Industrials,Electrical Components & Equipment,"Beloit, Wisconsin",Climate Change 2023,2023,See Another,C,75
Reliance Steel & Aluminum Co.,Materials,Steel,"Scottsdale, Arizona",Climate Change 2023,2023,Submitted,C-,70
Ryan Specialty,Financials,Insurance Brokers,"Chicago, Illinois",Climate Change 2023,2023,No Response,F,0
Rayonier,Real Estate,Timber REITs,"Wildlight, Florida",Climate Change 2023,2023,Submitted,Not Available,
Saia,Industrials,Cargo Ground Transportation,"Johns Creek, Georgia",Climate Change 2023,2023,Submitted,D,65
Sabra Health Care REIT,Real Estate,Health Care REITs,,Climate Change 2023,2023,No Response,F,0
SEI,Financials,Asset Management & Custody Banks,"Oaks, Pennsylvania",Climate Change 2023,2023,Submitted,Not Scored,
Stifel,Financials,Investment Banking & Brokerage,"St. Louis, Missouri",Climate Change 2023,2023,No Response,F,0
Sprouts Farmers Market,Consumer Staples,Food Retail,"Phoenix, Arizona",Climate Change 2023,2023,No Response,F,0
Sotera Health,Health Care,Health Care Services,"Broadview Heights, Ohio",Climate Change 2023,2023,Submitted,D,65
Skechers,Consumer Discretionary,Footwear,"Manhattan Beach, California",Climate Change 2023,2023,Submitted,D-,60
Silicon Labs,Information Technology,Semiconductors,"Austin, Texas",Climate Change 2023,2023,Submitted,C,75
Silgan Holdings,Materials,"Metal, Glass & Plastic Containers","Stamford, Connecticut",Climate Change 2023,2023,Submitted,Not Available,
SLM Corp,Financials,Consumer Finance,"Newark, Delaware",Climate Change 2023,2023,No Response,F,0
Scotts Miracle-Gro Company,Materials,Fertilizers & Agricultural Chemicals,"Marysville, Ohio",Climate Change 2023,2023,Submitted,C,75
Synovus,Financials,Regional Banks,"Columbus, Georgia",Climate Change 2023,2023,No Response,F,0
TD Synnex,Information Technology,Technology Distributors,"Fremont, California Clearwater, Florida",Climate Change 2023,2023,Submitted,B-,80
Sonoco,Materials,Paper & Plastic Packaging Products & Materials,"Hartsville, South Carolina",Climate Change 2023,2023,Submitted,B-,80
Spire,Utilities,Gas Utilities,"St. Louis, Missouri",Climate Change 2023,2023,Submitted,Not Available,
Sarepta Therapeutics,Health Care,Biotechnology,"Cambridge, Massachusetts",Climate Change 2023,2023,No Response,F,0
Simpson Manufacturing,Industrials,Building Products,"Pleasanton, California",Climate Change 2023,2023,No Response,F,0
STAG Industrial,Real Estate,Industrial REITs,"Boston, Massachusetts",Climate Change 2023,2023,Submitted,C,75
Starwood Property Trust,Financials,Mortgage REITs,"Greenwich, Connecticut",Climate Change 2023,2023,No Response,F,0
Synaptics,Information Technology,Semiconductors,"San Jose, California",Climate Change 2023,2023,Submitted,B,85
Texas Capital Bancshares,Financials,Regional Banks,"Dallas, Texas",Climate Change 2023,2023,No Response,F,0
Teradata,Information Technology,IT Consulting & Other Services,"San Diego, California",Climate Change 2023,2023,Submitted,D,65
Terex,Industrials,Construction Machinery & Heavy Transportation Equipment,"Norwalk, Connecticut",Climate Change 2023,2023,Submitted,B,85
Tenet Health,Health Care,Health Care Facilities,"Dallas, Texas",Climate Change 2023,2023,No Response,F,0
Hanover Insurance,Financials,Property & Casualty Insurance,"Worcester, Massachusetts",Climate Change 2023,2023,No Response,F,0
Thor Industries,Consumer Discretionary,Leisure Products,"Elkhart, Indiana",Climate Change 2023,2023,Submitted,C,75
Timken,Industrials,Industrial Machinery & Supplies & Components,"North Canton, Ohio",Climate Change 2023,2023,Submitted,C,75
Taylor Morrison,Consumer Discretionary,Homebuilding,"Scottsdale, Arizona",Climate Change 2023,2023,No Response,F,0
Travel + Leisure Co.,Consumer Discretionary,"Hotels, Resorts & Cruise Lines","Orlando, Florida",Climate Change 2023,2023,Submitted,B,85
Toll Brothers,Consumer Discretionary,Homebuilding,"Fort Washington, Pennsylvania",Climate Change 2023,2023,No Response,F,0
Trex,Industrials,Building Products,"Winchester, Virginia",Climate Change 2023,2023,Submitted,D,65
Toro,Industrials,Agricultural & Farm Machinery,"Bloomington, Minnesota",Climate Change 2023,2023,See Another,A-,95
Tetra Tech,Industrials,Construction & Engineering,"Pasadena, California",Climate Change 2023,2023,Submitted,C,75
Texas Roadhouse,Consumer Discretionary,Restaurants,"Louisville, Kentucky",Climate Change 2023,2023,No Response,F,0
United Bankshares,Financials,Regional Banks,"Charleston, West Virginia",Climate Change 2023,2023,No Response,F,0
UFP Industries,Industrials,Building Products,"Grand Rapids, Michigan",Climate Change 2023,2023,Submitted,C-,70
UGI Corp,Utilities,Gas Utilities,"King of Prussia, Pennsylvania",Climate Change 2023,2023,Submitted,B,85
Unum,Financials,Life & Health Insurance,"Chattanooga, Tennessee",Climate Change 2023,2023,Submitted,B,85
US Foods,Consumer Staples,Food Distributors,"Rosemont, Illinois",Climate Change 2023,2023,Submitted,B,85
United Therapeutics,Health Care,Biotechnology,,Climate Change 2023,2023,No Response,F,0
Marriott Vacations Worldwide,Consumer Discretionary,"Hotels, Resorts & Cruise Lines","Orlando, Florida",Climate Change 2023,2023,No Response,F,0
Visteon,Consumer Discretionary,Automotive Parts & Equipment,"Van Buren Township, Michigan",Climate Change 2023,2023,Submitted,C,75
Valmont Industries,Industrials,Industrial Machinery & Supplies & Components,"Omaha, Nebraska",Climate Change 2023,2023,Submitted,D,65
Vornado Realty Trust,Real Estate,Office REITs,"New York City, New York",Climate Change 2023,2023,Submitted,B,85
Viper Energy,Energy,Oil & Gas Storage & Transportation,"Midland, Texas",Climate Change 2023,2023,No Response,F,0
Vontier,Information Technology,Electronic Equipment & Instruments,"Raleigh, North Carolina",Climate Change 2023,2023,Submitted,B,85
Voya Financial,Financials,Multi-Sector Holdings,"New York City, New York",Climate Change 2023,2023,Submitted,B,85
Vishay Intertechnology,Information Technology,Electronic Components,"Malvern, Pennsylvania",Climate Change 2023,2023,Submitted,B-,80
Valvoline,Consumer Discretionary,Automotive Retail,"Lexington, Kentucky",Climate Change 2023,2023,Submitted,B,85
WESCO International,Industrials,Trading Companies & Distributors,"Pittsburgh, Pennsylvania",Climate Change 2023,2023,Submitted,C,75
Wendy's,Consumer Discretionary,Restaurants,"Dublin, Ohio",Climate Change 2023,2023,Submitted,B,85
Weatherford International,Energy,Oil & Gas Equipment & Services,"Houston, Texas",Climate Change 2023,2023,Submitted,C,75
Wyndham Hotels & Resorts,Consumer Discretionary,"Hotels, Resorts & Cruise Lines","Parsippany, New Jersey",Climate Change 2023,2023,Submitted,B,85
Whirlpool Corporation,Consumer Discretionary,Household Appliances,"Benton Harbor, Michigan",Climate Change 2023,2023,Submitted,A-,95
Wingstop,Consumer Discretionary,Restaurants,"Addison, Texas",Climate Change 2023,2023,No Response,F,0
Advanced Drainage Systems,Industrials,Building Products,"Hilliard, Ohio",Climate Change 2023,2023,Submitted,Not Scored,
W. P. Carey,Real Estate,Diversified REITs,"New York City, New York",Climate Change 2023,2023,No Response,F,0
Williams-Sonoma,Consumer Discretionary,Homefurnishing Retail,"San Francisco, California",Climate Change 2023,2023,Submitted,B,85
Watsco,Industrials,Trading Companies & Distributors,"Miami, Florida",Climate Change 2023,2023,No Response,F,0
Wintrust Financial,Financials,Regional Banks,"Rosemont, Illinois",Climate Change 2023,2023,No Response,F,0
Essential Utilities,Utilities,Water Utilities,"Bryn Mawr, Pennsylvania",Climate Change 2023,2023,Submitted,B-,80
Watts Water Technologies,Industrials,Building Products,,Climate Change 2023,2023,No Response,F,0
Western Union,Financials,Transaction & Payment Processing Services,"Denver, Colorado",Climate Change 2023,2023,Submitted,Not Scored,
Woodward,Industrials,Electrical Components & Equipment,"Fort Collins, Colorado",Climate Change 2023,2023,No Response,F,0
XPO,Industrials,Cargo Ground Transportation,"Greenwich, Connecticut",Climate Change 2023,2023,No Response,F,0
Dentsply Sirona,Health Care,Health Care Supplies,"Charlotte, North Carolina",Climate Change 2023,2023,Submitted,C,75
Yeti Holdings,Consumer Discretionary,Leisure Products,"Austin, Texas",Climate Change 2023,2023,Submitted,Not Available,
ZoomInfo,Communication Services,Interactive Media & Services,"Vancouver, Washington",Climate Change 2023,2023,Submitted,D,65
Zions Bancorporation,Financials,Regional Banks,"Salt Lake City, Utah",Climate Change 2023,2023,No Response,F,0
